area,vector,hpi
10.803883,EV,24
9.6887215,EV,24
2.33603722,EV,24
15.683375,OE,24
26.9789304,OE,24
11.3876976,OE,24
2.0130451,EV,48
27.1782768,EV,48
10.7027911,EV,48
38.5923108,OE,48
32.084087,OE,48
19.933519,OE,48